"author_id","created_at","id","lang","retweet_count","text"
"1378740064876961794","2022-08-08T00:53:22Z","1556443414987776003","und","0","@EduardoLeite_ ü•∞"
"63118359","2022-08-08T00:47:47Z","1556442010097262592","pt","21","Importante fala \n@EdegarPretto\n agora #DebateNaBandRS sobre alimenta√ß√£o das nossas crian√ßas e adolescentes nas escolas Precisamos combater fome que voltou com tudo e garantir alimenta√ß√£o escolar de qualidade e saud√°vel via agricultura familiar #LulaOlivioPrettoRuas"
"71345429","2022-08-08T00:47:47Z","1556442010764050432","pt","0","@EduardoLeite_ Fechados com Eduardo Leite\n#DebateNaBandRS"
"566014967","2022-08-08T00:47:50Z","1556442024328454145","pt","0","Na sua primeira participa√ß√£o #DebateNaBandRS @VieiraPDT diz em que bases vai lidar com o endividamento Estado\n\n""N√£o ser√° com privatiza√ß√µes""\n\nE completa temos que contestar INCLUSIVE JUDICIALMENTE essa d√≠vida absurda com Uni√£o""\n\nEsse √© o meu Governador"
"1473874913610108934","2022-08-08T00:47:55Z","1556442044062732295","pt","0","Debate da Band RS Eduardo Leite mostra ser muito bem preparado ao responder os ataques de advers√°rios com postura sabedoria e intelig√™ncia \n#eduardoleite\n#governors \n#riograndedosul\n#DebateNaBandRS"
"107854318","2022-08-08T00:50:00Z","1556442568488931328","pt","0","@EdegarPretto conhece o RS ‚Äúde ponta ponta‚Äù e sabe das dificuldades enfrentadas mas tamb√©m potencial de cada regi√£o por isso prioriza o di√°logo e participa√ß√£o popular como nos gov de @Olivio_Dutra e @TarsoGenro RS #DebatenaBandRS #LulaOlivioPrettoRuas"
"130585038","2022-08-08T00:50:12Z","1556442619365974016","pt","1","#DebateNaBandRS\nO mais l√∫cido e com #conte√∫do RS √© @EduardoLeite_"
"101528637","2022-08-08T00:50:48Z","1556442771946348545","pt","0","@dimacgarcia @EduardoLeite_ Fora o restante"
"1062368820193566721","2022-08-08T00:51:06Z","1556442847116664835","en","2","Debate na Band RS com @onyxlorenzoni "
"344225712","2022-08-08T00:51:16Z","1556442889764454408","pt","0","Eu botei na Band BA e descobri que tem dois candidatos concorrentes governador meu amado Rio grande Sul Ou estou louca #DebateNaBandRS"
"809883120","2022-08-08T00:51:30Z","1556442946102349825","und","0","Boa @EdegarPretto "
"70859452","2022-08-08T00:51:14Z","1556442879911989250","pt","0","@Heinzeoficial @bandrs O senhor tem meu voto Vamos governador"
"2235596608","2022-08-08T00:53:05Z","1556443346326921219","pt","0","@EdegarPretto aprendeu com seus pais e tamb√©m com @LulaOficial @Olivio_Dutra @TarsoGenro @DilmaBR e @PauloPaim mas fundamentalmente com o povo ga√∫cho que √© preciso apenas de uma oportunidade para ser feliz #LulaOlivioPrettoRuas #DebatenaBandRS"
"1253763864988135426","2022-08-08T00:52:52Z","1556443290425331714","pt","0","Gra√ßas Deus que n√£o tivemos um governo liberal RS\n#DebateNaBandRS"
"770704198350544897","2022-08-08T00:52:19Z","1556443154437574662","pt","0","@onyxlorenzoni t√° bem demais nesse debate "
"3982962497","2022-08-08T00:52:29Z","1556443195256479744","pt","0","@EdegarPretto o melhor Neoliberal n√£o se cria‚Ä¶ ele responde na lata"
"89185084","2022-08-08T00:52:25Z","1556443176151425025","pt","0","@TradutordoBR Vou ver amanh√£  Hoje estou vendo @onyxlorenzoni\nmeu candidato Rio Grande Sul"
"1046804906890399752","2022-08-08T00:50:58Z","1556442812828319746","pt","0","Edegar Pretto muito bem #DebateNaBandRS \n#RSqueOPovoQuer\n#LulaOlivioEdegarRuas"
"61208942","2022-08-08T00:52:56Z","1556443306787328001","pt","3","N√£o tem milagre Para ter mais sa√∫de precisamos ter mais or√ßamento governo @TarsoGenro foi primeira vez que o estado aplicou 12 or√ßamento em sa√∫de #DebatenaBandRS #LulaOlivioPrettoRuas"
"1368342563757977601","2022-08-08T00:52:24Z","1556443174171803648","pt","0","Edegar Pretto PT-RS dando aula de como se governa um estado#debatenabandrs"
"1529445932118556673","2022-08-08T00:47:58Z","1556442056779866118","pt","1","Grande fala @EdegarPretto\nsobre educa√ß√£o p√∫blica Ao contr√°rio dos advers√°rios que s√≥ falam em privatiza√ß√£o da educa√ß√£o e como o deputado @TrzeciakDaniel partido @EduardoLeite_\nvotam junto com @jairbolsonaro na educa√ß√£o domiciliar #LulaOlivioPrettoRuas\n#DebateNaBandRS"
"1305496778519740416","2022-08-08T00:52:18Z","1556443146527166464","pt","0","Passei pelo RS e gostei Edegar Pretto falando Muito seguro #DebateNaBandRS"
"45842171","2022-08-08T00:47:59Z","1556442063192969216","pt","0","Edegar t√° muito bem Postura √≥tima\n\n#LulaOlivioEdegarRuas\n#DebateNaBandRS"
"66259735","2022-08-08T00:52:10Z","1556443114092494850","pt","0","@EdegarPretto arrasou na defesa dos governos Ol√≠vio e @tarsogenro  T√° indo muito bem o meu candidato \nO PT governou o RS e nunca aumentou impostos pagou sal√°rios em dia pagou d√≠vida com uni√£o e cresceu acima da m√©dia nacional Esse √© o PT quando governa o RS"
"96461628","2022-08-08T00:50:36Z","1556442718901075968","pt","30","‚ÄúO trabalhador com dinheiro bolso vai comprar mais consumir mais e aumentar demanda para roda da economia girar‚Äù @EdegarPretto ao lembrar ciclo de crescimento com distribui√ß√£o de renda √† √©poca de @LulaOficial e @DilmaBR #DebatenaBandRS #LulaOlivioPrettoRuas"
"260855200","2022-08-08T00:52:51Z","1556443287548039170","pt","0","Eu ansiosa p ano que vem vai ser minha chance de ser uma adulta feliz com Edegar e Lula governo #LulaOlivioEdegarRuas #DebateNaBandRS"
"54411512","2022-08-08T00:49:02Z","1556442327035650049","es","0","Estamos com @RicardoJobim30 üß°\n\n#JobimNaBandRS #DebateNaBandRS "
"1433270554950311936","2022-08-08T00:48:22Z","1556442160148500480","pt","1","Petista fala Lula\nBolsonarista fala Bolsonaro\nArgenta fala apenas da Beira Rio Cal√ßados \n\nNenhum deles fala RS\n\nS√≥ o Eduardo Leite e Bogo conseguem apresentar um bom n√≠vel\n\n#DebateNaBandRS"
"165254874","2022-08-08T00:48:14Z","1556442124283158528","pt","2","Frente da Esperan√ßa  Nosso pr√≥ximo governador Edegar Pretto #DebateNaBandRS\n#EdegarPrettoGovernador\n#Ol√≠vioSenador\n#LulaPresidente \n#LulaOlivioPrettoRuas "
"20342355","2022-08-08T00:48:17Z","1556442139449516039","pt","0","@EdegarPretto mostrando quem √© quem nessa elei√ß√£o\n#LulaOlivioEdegarRuas \n#DebateNaBandRS "
"1354149762312900610","2022-08-08T00:52:02Z","1556443082144481284","pt","0","@EdegarPretto √© filho de agricultores familiares Veio cabo da enxada e desde cedo aprendeu o valor trabalho campo Edegar sempre percebeu dificuldades dos agricultores para comercializar seus produtos em outros munic√≠pios #LulaOlivioPrettoRuas #DebatenaBandRS"
"76329038","2022-08-08T00:52:01Z","1556443075932725249","pt","0","N√≥s vamos voltar governar o Brasil e o Rio Grande e n√£o iremos mais aceitar conviver com vergonha que √© popula√ß√£o passando fome \n\n@EdegarPretto #DebateNaBandRS \n\n#LulaOlivioPrettoRuas"
"1083017623837777921","2022-08-08T00:52:33Z","1556443213086482432","pt","24","@EdegarPretto mostrando por que deve ser o novo Governador RS O Governo tem que ser contra privatiza√ß√µes gerar empregos e combater mis√©ria nosso povo #DebateNaBandRS #LulaOlivioEdegarRuas"
"422814320","2022-08-08T00:52:30Z","1556443197429145600","pt","16","Ao contr√°rio Leite @EdegarPretto √© um homem de palavra e o que ele fala ir√° fazer N√£o √† privatiza√ß√£o que √© nosso e √© essencial #DebateNaBandRS #LulaOlivioPrettoRuas "
"1058037270186475521","2022-08-08T00:52:01Z","1556443074892632065","pt","0","Edegar refor√ßando que Leite RENUNCIOU \nJobim disse que Sartori e Leite aumentaram impostos afirma que Edegar votou pelo aumento de imposto e afirma que justificativa era compra das vacinas que n√£o foi feita #DebateNaBandRS"
"1551931962889314305","2022-08-08T00:49:30Z","1556442444304113664","pt","0","Nosso pr√©-candidato ao governo estado  @EdegarPretto lembra da trajet√≥ria pol√≠tica de @PedroRuasPsol\nA educa√ß√£o tem destaque central programa de governo da chapa PT-PSOL\n\n#DebateNaBandRS"
"1129585003","2022-08-08T00:51:28Z","1556442939324243968","pt","0","@bandrs @Olivio_Dutra e @TarsoGenro n√£o venderam patrim√¥nio p√∫blico n√£o aumentaram impostos e fizeram pesados investimentos nos setores produtivos Dessa forma o PIB RS subiu acima da m√©dia PIB nacional naquele per√≠odo #DebatenaBandRS #LulaOlivioPrettoRuas"
"1146268359253733377","2022-08-08T00:51:25Z","1556442924564578306","pt","0","@andrebattalhini @EduardoLeite_ O seu coment√°rio √© o mais sensato poss√≠veldeduzo que n√£o seja funcion√°rio desse tirano nem recebe dinheiro da teta governo desse molequeparab√©nsporque os outros coment√°rios todos s√£o direcionados elogios para esse ‚Äúgaroto‚Äùque destruiu o Rio Grande Sul na pandemia"
"1480536192978456579","2022-08-08T00:51:17Z","1556442894055112705","pt","0","@EdegarPretto @EdegarPretto foi o mais votado partido nas tr√™s elei√ß√µes em que participou e l√≠der da bancada petista governo @TarsoGenro Em 2017 foi presidente da\n\n@AssembleiaRS e na √∫ltima elei√ß√£o fez votos em 473 munic√≠pios\n\n#LulaOlivioPrettoRuas #DebatenaBandRS"
"1186110115130335232","2022-08-08T00:50:31Z","1556442698827046912","pt","0","@Janaparaizo @GeneralMourao @v_c_anderson @RoLuchsinger @anavilarinol @Borges13Fatima @BobjackkR @dudahidalgo13 @ProfessoraIrni2 O RS j√° elegeu muitas vezes esquerda 18 foi fora da curva Eu estou confiante #Lula @EdegarPretto @PedroRuasPsol @OlivioDutraReal  pela esquerda pra derrubar essa direita HORROROSA"
"2746815627","2022-08-08T00:50:30Z","1556442696297889792","pt","0","@rafael_marasco @EduardoLeite_ Se deixou na mesma por que quando foi candidato primeiro mandato venceu com 90 dos votos na cidade de Pelotas"
"1068641519224147969","2022-08-08T00:49:36Z","1556442466647171073","pt","0","@Prof_AVanderlei @VieiraPDT Edegar e ele s√£o os que melhores est√£o se saindo nesse debate Um est√° totalmente chapado e o outro infelizmente n√£o apresenta planos somente vangloria o mito"
"126091135","2022-08-08T00:47:41Z","1556441985757634560","pt","1","Edegar representa um projeto de educa√ß√£o que coloca o tema como central para o desenvolvimento social Estado Ele traz um projeto de escolas reestruturadas servidores valorizados e um RS que tenha uma educa√ß√£o p√∫blica de qualidade \n\n#DebateNaBandRS #LulaOlivioPrettoRuas"
"612153535","2022-08-08T00:47:38Z","1556441974311452675","pt","0","@gaconstantinoo Cumprindo os 35 da RCL em educa√ß√£o sem contabilizar aposentadorias dos professores Mas precisa de deputados estaduais que fiscalizem isso ao inv√©s de ficar fazendo conluio por carguitos\n#DebateNaBandRS"
"96461628","2022-08-08T00:47:27Z","1556441925737218050","qme","1","#DebatenaBandRS #LulaOlivioPrettoRuas "
"1025754612207443968","2022-08-08T00:47:26Z","1556441923015032833","pt","0","Noite de acompanhar o debate dos candidatos ao governo RS na Band TV Bora @EdegarPretto "
"78937684","2022-08-08T00:47:13Z","1556441870544343046","pt","3","@EdegarPretto √© o candidato que tem como objetivo n√£o deixar nenhuma crian√ßa passar fome e garantir uma educa√ß√£o de qualidade #DebateNaBandRS  #LulaOlivioPrettoRuas"
"16655632","2022-08-08T00:46:10Z","1556441604407296008","pt","2","O #DebateNaBandRS mostrando o √≥bvio @EdegarPretto √© o √∫nico candidato que pode devolver o RS para o povo ga√∫cho  com direitos e desenvolvimento com respeito √† democracia ouvindo popula√ß√£o e melhorando vida de quem trabalha  √â @EdegarPretto e @PedroRuasPsol "
"577645923","2022-08-08T00:46:42Z","1556441740587966464","pt","1","Edegar Pretto e Eduardo Leite s√£o bem articulados d√£o uma tunda restante #DebateNaBandRS"
"1253763864988135426","2022-08-08T00:46:42Z","1556441739698884608","pt","0","@EdegarPretto levantando bandeira da escola de tempo integral Ciep formador de pessoas de bem\n#DebateNaBandRS"
"1058037270186475521","2022-08-08T00:46:39Z","1556441725236924422","pt","0","Edegar diz que seu vice tem grande compromisso com escolas de tempo integral e afirma que n√£o consegue entender um governo deixar professores e professoras sete anos sem reposi√ß√£o salarial #DebateNaBandRS"
"1268973023346012164","2022-08-08T00:46:37Z","1556441718270066690","pt","0","@EduardoLeite_ Cad√™ o dinheiro federal\n\nLeite mente\nOnix governador\nBolsonaro presidente"
"2419098150","2022-08-08T00:46:34Z","1556441706572177408","pt","0","Alimenta√ß√£o √© base para sa√∫de e educa√ß√£o O estado pode contribuir projeto de reerradica√ß√£o da fome defendido por Lula #LulaOlivioEdegarRuas #DebateNaBandRS"
"1063044924","2022-08-08T00:46:26Z","1556441671184912482","pt","0","@EduardoLeite_ Gra√ßas ao socorro federal"
"57044549","2022-08-08T00:46:15Z","1556441625144004610","pt","5","@EdegarPretto firme ao anunciar o  compromisso de revogar todos atos de privatiza√ß√£o da Corsan e com o Banrisul P√∫blico #DebateNaBandRS"
"26340022","2022-08-08T00:37:54Z","1556439525160787968","pt","3","RT @Heinzeoficial Debate da @bandrs pleno vapor Estou presente com for√ßa total Debater √© um ato de civismo e democracia \n\n#DebatenaBan‚Ä¶"



"845005019510423552","2022-08-08T00:41:02Z","1556440313639702528","es","74","RT @onyxlorenzoni Ao vivo Debate na Band \n"
"1367601955196055557","2022-08-08T00:49:39Z","1556442482421948417","pt","80","RT @EdegarPretto Sou o candidato presidente @LulaOficial RS \nAo lado de @PedroRuasPsol e @olivio_dutra n√≥s representamos uma fr‚Ä¶"
"60654156","2022-08-08T00:48:46Z","1556442260337745921","pt","133","RT @EdegarPretto Sou o candidato presidente Lula RS Ao lado de Pedro Ruas e Ol√≠vio Dutra n√≥s representamos uma frente de espera‚Ä¶"
"88671665","2022-08-08T00:48:48Z","1556442266453131267","pt","3","RT @lucasgertzm @EdegarPretto √© o candidato que tem como objetivo n√£o deixar nenhuma crian√ßa passar fome e garantir uma educa√ß√£o de qualid‚Ä¶"
"30502145","2022-08-08T00:48:51Z","1556442281980436480","pt","1","RT @gaconstantinoo Eduardo Leite fez uma baita pergunta sobre prote√ß√£o √†s mulheres e o Argenta PSC respondeu que solu√ß√£o s√£o empregos‚Ä¶"
"2537548696","2022-08-08T00:49:03Z","1556442330428833799","pt","20","RT @EvertonPeres8 Boa Kassio Nunes\n#DebateNaBandRJ #DebateNaBandmg\n#62minutos #3em1  #DebateNaBandsp #debateband #DomingaoComHuck  #C‚Ä¶"
"60654156","2022-08-08T00:49:06Z","1556442344676794368","pt","5","RT @fernandapsol @EdegarPretto firme ao anunciar o  compromisso de revogar todos atos de privatiza√ß√£o da Corsan e com o Banrisul P√∫blico‚Ä¶"
"68661651","2022-08-08T00:53:25Z","1556443427293855747","pt","11","RT @H1SaiaDaMatrix Eduardo Leite falando das mulheres sobre viol√™ncia contra mulheres levantou bola para o Argenta lembrar o que ele‚Ä¶"
"1138586254952587269","2022-08-08T00:53:22Z","1556443416048930818","pt","2","RT @PTpoa Al√©m Susaf @EdegarPretto tamb√©m destaca a√ß√µes como o Programa de Aquisi√ß√£o de Alimentos PAA e o Programa Nacional de Alime‚Ä¶"
"422814320","2022-08-08T00:53:07Z","1556443351808892928","pt","92","RT @EdegarPretto Eu quero dizer aos ga√∫chos e ga√∫chas que se eu governador vou anular todos os atos de privatiza√ß√£o da nossa Corsan‚Ä¶"
"132576896","2022-08-08T00:48:07Z","1556442096399179777","pt","1","RT @jlzasso Cara o Edegar Pretto t√° muito bem nesse debate #DebateNaBandRS"
"132576896","2022-08-08T00:48:20Z","1556442150371573760","pt","1","RT @davidalmansa Heize mais perdido n√£o tem Onixy s√≥ fala bozo e defende o indefens√°vel Leite na defensiva e perdido Dobradinha neol‚Ä¶"
"45099249","2022-08-08T00:48:54Z","1556442294429138945","pt","1","RT @NatashaPSOL O @EdegarPretto lembrou que foi o Ol√≠vio Dutra que criou UERGS √â isso que precisamos para o RS investimento p√∫blico na‚Ä¶"
"50088149","2022-08-08T00:50:43Z","1556442749477523456","pt","20","RT @EdegarPretto O debate come√ßou e voc√™ pode acompanhar todos os detalhes nas redes de Edegar Pretto  "
"60654156","2022-08-08T00:48:16Z","1556442132080115712","pt","2","RT @alexhaubrich O #DebateNaBandRS mostrando o √≥bvio @EdegarPretto √© o √∫nico candidato que pode devolver o RS para o povo ga√∫cho  com di‚Ä¶"
"1290059238543372289","2022-08-08T00:48:25Z","1556442171288559618","pt","3","RT @lucasgertzm OS GOVERNOS PETISTAS FORAM OS GOVERNOS QUE MAIS INVESTIRAM EM EDUCA√á√ÉO NESTE PA√çS #DebateNaBandRS  #LulaOlivioPrettoRuas"
"1427334878702575619","2022-08-08T00:50:20Z","1556442651402113024","pt","11","RT @BohnGass Num tom muito sereno como conv√©m quem quer governar o Rio Grande @EdegarPretto vai mostrando que para comandar o Estado √©‚Ä¶"
"133118845","2022-08-08T00:50:28Z","1556442687364124673","pt","7","RT @Sandroka131 Olha o Edegar Pretto chegando na Band RS O nosso candidato vice-governador Pedro Ruas tamb√©m est√° por l√° Orgulho des‚Ä¶"
"1545443237313355777","2022-08-08T00:50:30Z","1556442695475892226","pt","6","RT @mariadorosario O @EdegarPretto √© filho da Dona Ot√≠lia e saudoso deputado federal Ad√£o Pretto √â ga√∫cho de palavra com origem na ag‚Ä¶"
"479953995","2022-08-08T00:50:46Z","1556442763218018305","pt","2584","RT @DelegadoZucco Todos os generais Ex√©rcito unidos e coesos junto c o ministro da defesa e o Gal Villas B√¥as ex Cmt EB\nEstamos ju‚Ä¶"
"2163929310","2022-08-08T00:52:10Z","1556443115875090432","pt","14","RT @PompeodeMattos Demolidor\n@VieiraPDT deu uma invertida espetacular em @onyxlorenzoni\n\nFalou verdades que eles n√£o querem ouvir o‚Ä¶"
"422814320","2022-08-08T00:52:44Z","1556443255235018752","pt","39","RT @EdegarPretto O Banrisul ser√° fortalecido n√£o somente para comemorar lucros mas para desenvolver o Rio Grande apoiando ind√∫stria‚Ä¶"